<?xml version="1.0"?>
<doc>
    <assembly>
        <name>Microsoft.DataTransfer.MongoDb.Wpf</name>
    </assembly>
    <members>
        <member name="T:Microsoft.DataTransfer.MongoDb.Wpf.Resources">
            <summary>
              A strongly-typed resource class, for looking up localized strings, etc.
            </summary>
        </member>
        <member name="P:Microsoft.DataTransfer.MongoDb.Wpf.Resources.ResourceManager">
            <summary>
              Returns the cached ResourceManager instance used by this class.
            </summary>
        </member>
        <member name="P:Microsoft.DataTransfer.MongoDb.Wpf.Resources.Culture">
            <summary>
              Overrides the current thread's CurrentUICulture property for all
              resource lookups using this strongly typed resource class.
            </summary>
        </member>
        <member name="P:Microsoft.DataTransfer.MongoDb.Wpf.Resources.TestConnectionResultTitle">
            <summary>
              Looks up a localized string similar to Verify Connection.
            </summary>
        </member>
        <member name="P:Microsoft.DataTransfer.MongoDb.Wpf.Resources.TestConnectionSuccessMessage">
            <summary>
              Looks up a localized string similar to Successfully connected to MongoDB.
            </summary>
        </member>
        <member name="M:Microsoft.DataTransfer.MongoDb.Wpf.Shared.MongoDbAdapterConnectionConfigurationControl.InitializeComponent">
            <summary>
            InitializeComponent
            </summary>
        </member>
        <member name="M:Microsoft.DataTransfer.MongoDb.Wpf.Source.Mongoexport.MongoexportFileSourceAdapterConfigurationPage.InitializeComponent">
            <summary>
            InitializeComponent
            </summary>
        </member>
        <member name="T:Microsoft.DataTransfer.MongoDb.Wpf.Source.Mongoexport.MongoexportFileSourceAdapterConfigurationProvider">
            <summary>
            Provides configuration for mongoexport JSON files data source.
            </summary>
        </member>
        <member name="M:Microsoft.DataTransfer.MongoDb.Wpf.Source.Mongoexport.MongoexportFileSourceAdapterConfigurationProvider.#ctor">
            <summary>
            Creates a new instance of <see cref="T:Microsoft.DataTransfer.MongoDb.Wpf.Source.Mongoexport.MongoexportFileSourceAdapterConfigurationProvider" />.
            </summary>
        </member>
        <member name="M:Microsoft.DataTransfer.MongoDb.Wpf.Source.Mongoexport.MongoexportFileSourceAdapterConfigurationSummaryPage.InitializeComponent">
            <summary>
            InitializeComponent
            </summary>
        </member>
        <member name="M:Microsoft.DataTransfer.MongoDb.Wpf.Source.Online.MongoDbSourceAdapterConfigurationPage.InitializeComponent">
            <summary>
            InitializeComponent
            </summary>
        </member>
        <member name="T:Microsoft.DataTransfer.MongoDb.Wpf.Source.Online.MongoDbSourceAdapterConfigurationProvider">
            <summary>
            Provides configuration for MongoDB data source.
            </summary>
        </member>
        <member name="M:Microsoft.DataTransfer.MongoDb.Wpf.Source.Online.MongoDbSourceAdapterConfigurationProvider.#ctor">
            <summary>
            Creates a new instance of <see cref="T:Microsoft.DataTransfer.MongoDb.Wpf.Source.Online.MongoDbSourceAdapterConfigurationProvider" />.
            </summary>
        </member>
        <member name="M:Microsoft.DataTransfer.MongoDb.Wpf.Source.Online.MongoDbSourceAdapterConfigurationSummaryPage.InitializeComponent">
            <summary>
            InitializeComponent
            </summary>
        </member>
        <member name="T:AssemblyRef">
            <summary>
            Sets public key string for friend assemblies.
            </summary>
        </member>
        <member name="F:AssemblyRef.ProductPublicKey">
            <summary>ProductPublicKey is an official MS supported public key for external releases. TestPublicKey is an unsupported strong key for testing and internal use only</summary>
        </member>
        <member name="T:XamlGeneratedNamespace.GeneratedInternalTypeHelper">
            <summary>
            GeneratedInternalTypeHelper
            </summary>
        </member>
        <member name="M:XamlGeneratedNamespace.GeneratedInternalTypeHelper.CreateInstance(System.Type,System.Globalization.CultureInfo)">
            <summary>
            CreateInstance
            </summary>
        </member>
        <member name="M:XamlGeneratedNamespace.GeneratedInternalTypeHelper.GetPropertyValue(System.Reflection.PropertyInfo,System.Object,System.Globalization.CultureInfo)">
            <summary>
            GetPropertyValue
            </summary>
        </member>
        <member name="M:XamlGeneratedNamespace.GeneratedInternalTypeHelper.SetPropertyValue(System.Reflection.PropertyInfo,System.Object,System.Object,System.Globalization.CultureInfo)">
            <summary>
            SetPropertyValue
            </summary>
        </member>
        <member name="M:XamlGeneratedNamespace.GeneratedInternalTypeHelper.CreateDelegate(System.Type,System.Object,System.String)">
            <summary>
            CreateDelegate
            </summary>
        </member>
        <member name="M:XamlGeneratedNamespace.GeneratedInternalTypeHelper.AddEventHandler(System.Reflection.EventInfo,System.Object,System.Delegate)">
            <summary>
            AddEventHandler
            </summary>
        </member>
    </members>
</doc>
