<?xml version="1.0"?>
<doc>
    <assembly>
        <name>Microsoft.DataTransfer.AzureTable.Wpf</name>
    </assembly>
    <members>
        <member name="T:Microsoft.DataTransfer.AzureTable.Wpf.Resources">
            <summary>
              A strongly-typed resource class, for looking up localized strings, etc.
            </summary>
        </member>
        <member name="P:Microsoft.DataTransfer.AzureTable.Wpf.Resources.ResourceManager">
            <summary>
              Returns the cached ResourceManager instance used by this class.
            </summary>
        </member>
        <member name="P:Microsoft.DataTransfer.AzureTable.Wpf.Resources.Culture">
            <summary>
              Overrides the current thread's CurrentUICulture property for all
              resource lookups using this strongly typed resource class.
            </summary>
        </member>
        <member name="P:Microsoft.DataTransfer.AzureTable.Wpf.Resources.AzureStorageLocationMode_PrimaryOnly">
            <summary>
              Looks up a localized string similar to Primary only.
            </summary>
        </member>
        <member name="P:Microsoft.DataTransfer.AzureTable.Wpf.Resources.AzureStorageLocationMode_PrimaryThenSecondary">
            <summary>
              Looks up a localized string similar to Primary, then secondary.
            </summary>
        </member>
        <member name="P:Microsoft.DataTransfer.AzureTable.Wpf.Resources.AzureStorageLocationMode_SecondaryOnly">
            <summary>
              Looks up a localized string similar to Secondary only.
            </summary>
        </member>
        <member name="P:Microsoft.DataTransfer.AzureTable.Wpf.Resources.AzureStorageLocationMode_SecondaryThenPrimary">
            <summary>
              Looks up a localized string similar to Secondary, then primary.
            </summary>
        </member>
        <member name="P:Microsoft.DataTransfer.AzureTable.Wpf.Resources.TestConnectionResultTitle">
            <summary>
              Looks up a localized string similar to Verify Connection.
            </summary>
        </member>
        <member name="P:Microsoft.DataTransfer.AzureTable.Wpf.Resources.TestConnectionSuccessMessage">
            <summary>
              Looks up a localized string similar to Successfully connected to Azure Table storage.
            </summary>
        </member>
        <member name="M:Microsoft.DataTransfer.AzureTable.Wpf.Shared.AzureTableAdapterConnectionConfigurationControl.InitializeComponent">
            <summary>
            InitializeComponent
            </summary>
        </member>
        <member name="M:Microsoft.DataTransfer.AzureTable.Wpf.Source.AzureTableSourceAdapterConfigurationPage.InitializeComponent">
            <summary>
            InitializeComponent
            </summary>
        </member>
        <member name="T:Microsoft.DataTransfer.AzureTable.Wpf.Source.AzureTableSourceAdapterConfigurationProvider">
            <summary>
            Provides configuration for Azure Table storage data source.
            </summary>
        </member>
        <member name="M:Microsoft.DataTransfer.AzureTable.Wpf.Source.AzureTableSourceAdapterConfigurationProvider.#ctor">
            <summary>
            Creates a new instance of <see cref="T:Microsoft.DataTransfer.AzureTable.Wpf.Source.AzureTableSourceAdapterConfigurationProvider" />.
            </summary>
        </member>
        <member name="M:Microsoft.DataTransfer.AzureTable.Wpf.Source.AzureTableSourceAdapterConfigurationSummaryPage.InitializeComponent">
            <summary>
            InitializeComponent
            </summary>
        </member>
        <member name="T:AssemblyRef">
            <summary>
            Sets public key string for friend assemblies.
            </summary>
        </member>
        <member name="F:AssemblyRef.ProductPublicKey">
            <summary>ProductPublicKey is an official MS supported public key for external releases. TestPublicKey is an unsupported strong key for testing and internal use only</summary>
        </member>
        <member name="T:XamlGeneratedNamespace.GeneratedInternalTypeHelper">
            <summary>
            GeneratedInternalTypeHelper
            </summary>
        </member>
        <member name="M:XamlGeneratedNamespace.GeneratedInternalTypeHelper.CreateInstance(System.Type,System.Globalization.CultureInfo)">
            <summary>
            CreateInstance
            </summary>
        </member>
        <member name="M:XamlGeneratedNamespace.GeneratedInternalTypeHelper.GetPropertyValue(System.Reflection.PropertyInfo,System.Object,System.Globalization.CultureInfo)">
            <summary>
            GetPropertyValue
            </summary>
        </member>
        <member name="M:XamlGeneratedNamespace.GeneratedInternalTypeHelper.SetPropertyValue(System.Reflection.PropertyInfo,System.Object,System.Object,System.Globalization.CultureInfo)">
            <summary>
            SetPropertyValue
            </summary>
        </member>
        <member name="M:XamlGeneratedNamespace.GeneratedInternalTypeHelper.CreateDelegate(System.Type,System.Object,System.String)">
            <summary>
            CreateDelegate
            </summary>
        </member>
        <member name="M:XamlGeneratedNamespace.GeneratedInternalTypeHelper.AddEventHandler(System.Reflection.EventInfo,System.Object,System.Delegate)">
            <summary>
            AddEventHandler
            </summary>
        </member>
    </members>
</doc>
